,LogisticRegressionCV,SGDClassifier,MLPClassifier,RandomForestClassifier
0,"[0 0 0 0 1 0 0 1 0 1 1 0 1 0 0 1 1 0 0 1 1 1 0 1 0 0 0 0 0 0 0 0 0 1 0 1 0
 0 0 0 1 1 0 1 0 1 1 1 1 0 0 0 0 0 0 0 0 0 0 0 0 0 0 0 0 1 0 0 0 0 0 0 1 1
 0 0 1 0 0 1 1 0 0 1 1 0 0 0 0 0 1]","[1 1 1 0 1 0 1 0 1 1 0 1 0 1 0 0 0 0 1 0 0 0 1 1 0 1 1 1 1 1 1 0 1 1 1 1 1
 0 0 1 0 1 1 0 1 0 0 0 0 1 1 0 0 1 1 1 0 0 1 1 1 1 1 1 1 0 1 1 1 0 1 1 0 0
 1 0 0 1 1 1 1 1 0 1 0 1 1 0 1 0 0]","[0 0 0 0 1 0 0 0 0 1 1 0 1 0 0 1 0 0 0 1 1 1 0 1 0 0 0 0 0 0 0 0 0 1 0 0 0
 0 0 0 0 1 0 1 0 1 1 1 1 0 0 0 0 0 0 0 0 0 0 0 0 0 0 0 0 1 0 0 0 0 0 0 1 1
 0 0 1 0 0 1 1 0 0 1 0 0 0 0 0 0 1]","[0 0 0 0 1 0 0 1 0 1 1 0 1 0 0 1 1 0 0 1 0 1 1 1 0 1 0 0 0 0 0 0 1 1 0 0 0
 0 0 0 0 1 0 1 0 0 1 1 0 0 0 0 1 1 0 0 0 0 0 0 0 0 0 0 0 1 0 0 0 0 0 0 1 1
 0 0 1 0 0 1 1 0 0 1 1 0 0 0 0 0 1]"
1,"[1 0 0 1 1 0 0 0 0 0 1 0 0 1 1 0 1 0 0 0 0 0 0 0 0 1 1 0 0 1 1 1 1 0 1 0 1
 0 0 0 1 0 0 0 0 0 0 0 1 1 0 1 0 0 0 0 0 0 1 0 0 1 0 0 1 1 0 1 1 0 0 0 0 1
 0 1 0 0 1 0 0 0 1 0 1 1 0 1 0 0 1]","[1 0 0 1 1 0 0 0 0 0 1 0 0 1 1 0 1 0 0 0 0 0 0 0 0 1 1 0 0 1 1 1 1 0 1 0 1
 0 0 0 1 0 0 0 0 0 0 0 1 1 0 1 0 1 0 0 0 0 1 0 0 1 0 0 1 1 0 1 1 0 0 0 0 1
 0 1 0 0 1 1 0 0 1 0 1 1 0 1 0 0 1]","[1 0 0 1 1 0 0 0 0 0 1 0 0 1 1 0 1 0 0 0 0 0 0 0 0 1 0 0 0 1 0 1 1 0 1 0 1
 0 0 0 1 0 0 0 0 0 0 0 1 1 0 0 0 0 0 1 1 0 1 0 0 1 0 0 1 1 0 1 1 0 0 1 0 1
 0 1 0 0 1 0 0 0 1 0 1 1 0 1 0 0 1]","[1 0 0 1 1 0 0 0 0 0 1 0 1 1 1 0 1 0 0 0 0 0 0 0 0 1 1 0 0 1 0 1 1 0 1 0 1
 0 1 0 0 0 1 0 0 1 0 0 1 1 0 1 0 0 0 0 1 0 1 0 0 1 0 0 1 1 0 1 1 0 1 1 0 1
 0 1 0 0 1 1 0 0 0 0 1 1 0 1 0 0 1]"
2,"[1 0 1 1 1 0 1 1 1 0 1 1 1 0 0 0 0 1 0 0 1 0 1 1 0 0 0 0 0 1 0 1 0 0 0 1 1
 1 0 0 1 1 0 1 0 1 1 0 0 1 0 1 1 1 0 1 1 0 1 1 1 0 0 0 0 1 1 0 0 0 0 0 0 0
 0 1 1 0 0 0 1 0 0 1 1 0 1 0 0 0 0]","[1 1 1 0 1 0 0 0 0 0 1 0 0 1 1 0 1 0 0 0 0 0 1 0 1 0 1 0 0 1 1 0 0 1 0 1 1
 0 1 0 1 0 0 0 0 0 1 1 0 0 0 0 1 1 1 1 1 1 1 0 1 0 0 0 0 1 0 1 1 0 1 0 1 0
 0 0 0 0 1 0 0 0 0 0 0 1 0 1 1 1 1]","[1 0 1 1 1 1 0 1 1 0 1 1 1 0 0 0 0 1 0 0 1 0 1 1 0 0 0 0 0 1 0 1 0 0 0 1 1
 1 0 0 1 0 0 1 0 1 1 0 0 1 0 1 1 1 0 1 1 0 1 1 1 0 0 0 0 1 1 0 0 0 0 0 0 0
 0 1 1 0 0 0 1 0 0 1 1 0 0 0 0 0 0]","[1 1 1 1 1 1 0 1 1 0 1 1 1 0 0 0 0 0 0 1 0 0 1 1 0 0 0 0 0 1 0 1 1 0 0 1 1
 1 0 0 1 0 0 1 0 0 1 0 0 1 0 1 1 1 0 1 1 0 1 1 1 0 1 0 0 1 0 0 0 0 1 0 0 0
 0 1 0 0 1 0 0 0 0 1 1 0 1 0 0 0 0]"
3,"[0 0 0 0 1 1 1 0 0 1 1 1 0 0 0 0 1 0 1 0 1 0 0 1 1 0 0 0 0 0 0 0 0 1 1 1 0
 1 0 0 1 0 0 1 1 0 0 0 1 0 0 0 1 1 1 1 1 1 0 0 0 1 0 1 0 0 0 1 0 1 0 0 0 1
 1 1 1 1 0 0 0 1 0 1 1 0 0 0 0 1 0]","[0 0 0 0 1 1 1 0 0 0 1 0 0 0 0 0 1 0 1 0 1 0 0 1 1 0 0 0 0 0 0 0 0 0 1 1 0
 1 0 0 1 0 0 0 1 0 0 0 1 0 0 0 1 1 0 0 0 1 0 0 0 1 0 1 0 0 0 0 0 1 0 0 0 1
 0 1 1 0 0 0 0 0 0 1 1 0 0 0 0 0 0]","[0 0 0 0 1 1 1 0 0 1 1 1 0 0 0 0 1 0 1 0 1 0 0 1 1 0 0 0 0 0 0 0 0 1 1 1 0
 1 0 0 1 0 0 0 1 0 0 0 1 0 0 0 1 1 1 1 0 1 0 0 0 1 0 1 0 1 0 0 0 1 0 0 0 1
 0 1 1 1 0 0 0 1 0 1 1 0 0 0 0 0 0]","[0 0 0 0 1 1 0 0 0 1 1 0 0 0 0 0 1 0 1 0 1 0 0 1 1 0 0 0 0 0 0 0 0 1 1 1 0
 1 0 0 1 1 0 0 1 0 0 0 1 0 0 0 1 1 1 0 1 1 0 0 0 1 0 1 0 1 0 0 0 1 0 0 0 1
 1 1 1 1 0 0 1 1 0 1 1 0 0 0 0 0 0]"
4,"[1 1 0 0 1 1 1 1 1 1 0 1 0 1 1 1 0 1 0 1 0 0 1 0 1 1 1 0 0 1 0 1 0 0 0 0 0
 1 0 0 1 1 0 1 1 1 0 0 1 0 1 1 1 1 1 1 0 0 1 0 0 1 0 1 0 1 1 0 1 1 0 1 1 1
 1 1 1 1 1 1 1 0 0 1 0 0 0 0 1 0 1]","[1 1 1 0 1 1 1 1 1 1 1 1 0 1 1 1 0 1 0 1 0 0 1 0 1 1 1 1 0 1 0 1 0 0 1 0 0
 1 0 0 1 1 0 1 1 1 0 0 1 0 1 1 1 1 1 1 0 1 1 0 0 1 0 1 0 1 1 0 1 1 0 1 1 1
 1 1 1 1 1 1 1 0 0 1 0 1 1 0 1 0 1]","[1 1 0 0 1 0 0 0 0 1 0 1 0 1 1 1 0 1 0 1 0 0 1 0 1 1 1 0 0 1 0 0 0 0 0 0 0
 0 0 0 1 1 0 1 1 1 0 0 1 0 1 1 1 1 1 1 0 0 1 0 0 1 0 1 0 0 1 0 1 1 0 1 1 1
 1 0 1 1 1 1 1 0 0 1 0 0 0 0 1 0 1]","[0 1 1 0 1 1 0 1 1 0 1 1 0 1 1 1 1 1 0 0 0 0 1 0 1 1 0 0 0 1 0 0 0 0 0 0 0
 1 0 0 1 1 0 1 1 1 0 0 1 0 1 1 1 1 1 1 0 0 1 0 0 1 0 1 0 0 1 1 0 1 0 1 1 1
 1 0 0 1 1 1 1 0 0 1 0 0 0 0 1 0 1]"
5,"[0 1 1 0 0 0 0 0 0 0 0 0 1 1 0 1 0 0 1 0 0 0 0 0 1 0 1 0 0 0 1 0 1 0 0 1 0
 0 0 0 0 0 1 1 1 0 0 0 0 0 1 1 0 0 1 0 0 0 0 1 0 0 1 0 1 1 0 1 0 0 1 1 0 0
 1 0 1 0 0 1 0 1 0 0 0 0 1 1 1 0 1]","[0 1 1 0 0 1 0 1 0 0 0 0 1 1 0 1 0 0 1 0 0 0 0 0 1 0 1 0 0 0 1 0 1 0 0 0 0
 0 0 0 1 1 1 1 1 1 0 0 0 0 1 1 1 0 1 0 0 0 0 1 0 0 1 0 1 1 0 1 0 0 0 0 0 0
 1 0 1 0 0 1 0 1 0 0 0 0 1 0 1 0 1]","[0 1 1 0 0 0 0 0 0 0 0 0 1 1 0 1 0 0 1 0 0 0 0 0 1 0 1 0 0 0 1 0 1 0 0 0 0
 0 0 0 0 0 1 1 1 0 0 0 0 0 1 1 0 0 1 0 0 0 0 0 0 0 1 0 1 1 0 1 0 0 0 0 0 0
 1 0 0 0 0 1 0 0 0 0 0 0 1 1 1 0 1]","[0 1 1 0 1 0 0 0 0 0 1 0 1 1 0 1 0 0 1 0 0 0 0 0 1 0 1 0 1 0 1 1 0 0 1 0 0
 0 0 0 0 0 1 1 0 0 0 0 0 0 1 1 0 0 0 0 1 0 0 0 0 0 1 0 1 0 1 1 0 0 0 0 0 0
 1 0 1 0 0 1 0 1 0 0 0 0 1 0 1 0 1]"
6,"[0 0 0 0 0 0 1 0 1 1 0 1 1 0 0 1 0 0 1 1 0 0 0 0 0 0 1 0 0 0 0 1 0 0 0 0 0
 0 0 1 0 0 0 0 0 0 1 0 0 1 1 1 1 0 0 1 1 0 1 1 0 0 0 1 1 0 0 1 1 0 0 0 0 0
 0 1 1 0 0 0 0 1 0 1 0 0 0 0 1 0 0]","[0 0 0 0 0 0 0 0 1 1 0 1 1 0 0 1 0 0 0 1 0 0 0 0 0 0 1 0 0 0 0 1 0 0 0 0 0
 0 0 1 0 0 0 0 0 0 1 0 0 1 1 1 1 0 0 0 1 0 0 1 0 0 0 1 1 0 0 1 0 0 0 0 0 0
 0 1 1 0 0 0 0 1 0 1 0 0 0 0 1 0 0]","[0 0 0 1 0 0 1 0 1 1 0 1 1 1 0 1 0 0 1 1 0 0 0 0 0 0 1 0 0 0 0 1 0 0 0 0 0
 0 0 1 0 0 0 0 0 0 1 0 0 1 1 1 1 0 0 1 1 0 0 1 0 0 0 1 1 0 0 1 1 0 0 0 0 0
 0 1 1 0 0 0 0 1 0 1 0 0 0 0 1 0 0]","[0 0 0 1 0 0 1 0 1 1 0 1 1 1 1 1 0 0 0 1 0 1 0 1 1 0 1 0 0 0 1 0 0 0 0 0 1
 0 0 1 0 1 0 1 1 0 1 0 0 1 1 1 1 0 0 0 1 0 0 1 1 0 0 1 1 0 0 1 1 0 0 0 1 0
 0 1 1 0 0 0 0 1 0 1 0 0 1 0 1 0 0]"
7,"[1 1 0 0 1 0 0 0 0 1 1 0 1 0 1 0 1 0 0 0 1 0 1 0 0 1 0 1 0 0 1 1 1 1 1 0 0
 0 1 0 1 0 0 0 1 0 1 1 0 1 1 1 0 1 0 1 1 1 0 1 1 1 1 0 1 0 1 0 0 0 1 1 0 0
 0 0 0 0 1 0 0 0 0 0 0 0 0 0 0 1 1]","[1 1 1 1 1 1 1 1 0 1 1 0 1 1 1 1 1 1 0 1 1 1 1 0 0 1 1 1 0 1 1 1 1 1 1 1 1
 1 0 1 1 0 1 1 1 0 1 1 0 1 1 1 0 1 0 1 1 1 1 0 1 1 1 1 1 1 1 0 0 1 1 1 0 0
 1 0 1 0 1 1 1 1 1 1 0 0 1 1 1 1 1]","[1 1 0 0 1 0 0 0 0 1 1 0 1 0 0 0 1 0 0 0 1 0 1 0 0 1 0 1 0 0 1 1 1 1 1 0 0
 0 1 0 1 0 0 0 0 0 1 1 0 1 1 0 0 1 0 1 1 1 0 1 1 0 1 0 1 0 1 0 0 0 1 1 0 1
 0 0 0 0 1 0 0 0 0 0 0 0 0 0 0 1 1]","[1 1 0 0 1 0 0 0 0 1 1 0 1 0 0 0 1 0 0 0 1 0 1 0 1 1 0 1 0 0 1 0 1 1 1 0 0
 0 0 1 1 0 0 0 1 0 1 1 0 1 1 0 0 1 0 1 1 1 1 1 1 0 1 0 1 0 1 0 0 0 1 1 0 1
 0 0 1 0 1 0 0 0 1 0 0 0 0 0 0 1 1]"
8,"[0 0 0 1 0 1 0 1 1 0 1 1 0 0 0 0 0 0 0 1 0 0 1 0 1 0 1 0 1 0 0 1 0 1 0 0 0
 1 0 0 0 0 0 1 0 1 0 1 0 0 1 1 1 0 0 1 1 1 0 0 0 0 0 0 1 0 0 0 1 0 1 0 1 1
 0 1 0 0 0 0 1 1 0 0 1 0 0 0 0 0 0]","[0 0 0 1 1 1 0 1 1 0 1 1 0 0 0 0 0 1 1 1 0 0 1 0 1 0 1 0 1 1 1 1 0 1 0 0 0
 1 1 0 0 1 0 1 0 1 0 1 0 0 1 1 1 1 0 1 1 1 0 0 0 0 0 0 1 0 0 1 1 0 1 0 1 1
 0 1 0 1 0 0 1 1 0 0 1 0 1 1 0 0 0]","[0 0 0 1 0 1 0 0 1 0 1 1 0 0 0 0 0 1 0 1 0 0 1 0 1 0 1 0 1 0 0 1 0 1 0 0 0
 1 0 0 0 0 0 1 0 1 0 1 0 0 1 1 1 1 0 1 0 1 0 0 0 0 0 0 1 0 0 1 1 0 1 0 1 1
 0 1 0 0 0 0 1 1 0 0 1 0 0 0 0 0 0]","[1 0 0 1 1 1 0 0 1 0 1 1 0 0 1 0 0 0 0 1 0 0 0 0 1 0 0 1 1 1 0 1 0 1 1 0 0
 1 0 0 0 0 0 1 0 1 0 1 0 0 0 0 1 1 0 1 0 1 0 0 0 0 0 0 1 0 0 0 0 0 1 0 1 1
 0 1 0 0 0 0 1 0 0 0 1 0 0 0 0 0 0]"
9,"[0 1 1 0 1 1 0 0 0 0 1 1 1 1 0 1 0 0 0 0 0 1 0 1 0 1 1 1 1 0 0 1 1 0 0 0 1
 0 0 0 0 1 0 1 0 1 0 0 1 0 1 0 0 1 1 0 0 0 1 0 0 0 0 1 1 0 0 0 0 1 0 1 0 1
 0 0 1 1 0 1 0 1 1 0 1 0 0 0 0 0 0]","[0 1 1 0 1 1 0 0 0 0 1 1 1 1 0 1 0 0 0 0 0 1 0 1 0 1 0 1 1 0 0 1 0 0 0 0 1
 0 0 0 0 1 0 1 0 1 0 0 1 0 1 0 0 0 1 0 0 0 1 0 0 0 0 1 0 0 0 0 0 1 0 1 0 1
 0 0 1 0 0 1 0 0 1 0 1 0 0 0 0 0 0]","[0 1 1 0 1 1 0 0 0 0 1 1 1 0 0 1 0 0 0 0 0 1 0 1 0 1 1 1 1 0 0 1 0 0 0 0 1
 0 0 0 0 1 0 1 0 1 0 0 1 0 1 0 0 1 1 0 0 0 1 0 0 0 0 1 0 0 0 0 0 1 0 1 0 1
 0 0 1 1 0 1 0 1 1 0 1 0 0 0 0 0 0]","[0 1 1 0 1 1 1 0 0 0 1 1 1 1 0 0 0 0 0 0 0 1 0 1 0 1 0 1 1 1 0 1 0 0 0 0 0
 0 0 0 1 1 0 1 0 1 0 1 0 0 0 0 0 1 0 0 0 0 1 0 0 0 0 0 0 0 0 0 0 0 0 1 0 1
 0 1 1 1 0 1 0 1 1 0 1 0 0 0 0 0 0]"
10,"[1 1 0 1 0 1 0 0 0 0 1 0 0 1 1 0 0 0 0 0 0 1 1 0 0 0 1 0 1 0 0 1 1 1 0 0 0
 0 1 0 1 1 0 1 0 0 0 1 0 0 0 0 0 1 1 0 1 0 1 0 1 1 0 0 0 0 0 1 0 1 1 1 0 0
 1 1 1 1 0 0 0 1 1 1 0 0 1 0 0 0 1]","[1 1 0 1 0 1 0 0 0 0 1 0 0 1 0 0 0 0 0 0 0 1 1 0 0 0 1 0 1 0 0 1 1 1 0 0 0
 0 1 0 1 1 0 1 0 0 0 0 0 0 0 0 0 1 0 0 1 0 0 0 1 0 0 0 0 0 0 0 0 1 0 1 0 0
 1 1 1 1 0 0 0 1 1 1 0 0 1 0 0 0 1]","[1 1 0 1 0 1 0 0 0 0 1 0 0 1 0 0 0 0 0 0 0 1 1 0 0 0 1 0 1 0 0 1 1 1 0 0 0
 0 1 0 1 1 0 1 1 0 0 0 0 0 0 0 0 1 0 0 1 0 1 0 1 0 0 0 0 0 0 0 0 1 0 1 0 0
 1 1 1 1 0 0 0 1 1 1 0 0 1 0 0 0 1]","[1 1 0 1 0 1 0 0 0 0 1 0 1 1 1 0 0 0 0 0 0 1 1 0 0 0 1 0 1 0 0 1 1 1 0 0 0
 0 1 0 0 1 0 1 0 0 0 0 0 0 0 0 0 0 0 0 1 0 1 0 1 0 0 0 0 0 1 1 0 1 0 1 0 0
 1 1 1 0 1 0 0 0 0 1 0 0 1 0 0 0 1]"
11,"[1 0 0 1 1 1 0 1 0 0 1 1 0 1 0 1 0 0 0 0 1 1 0 0 0 1 1 0 0 0 1 1 0 1 0 0 0
 0 0 1 0 0 0 0 0 1 0 1 1 0 0 1 0 0 1 1 0 0 0 0 1 0 0 0 0 1 0 1 1 0 1 1 1 0
 0 1 0 1 0 1 1 0 0 0 1 0 0 0 1 1 0]","[1 0 0 0 1 1 0 1 0 0 1 0 0 1 0 1 0 0 0 0 1 1 0 0 0 0 1 0 0 0 1 1 0 1 0 0 0
 0 0 1 0 0 0 0 0 0 0 1 0 0 0 0 0 0 1 1 0 0 0 0 1 0 0 0 0 1 0 1 0 0 1 1 1 0
 0 1 0 1 0 1 1 0 0 0 1 0 0 0 1 1 0]","[1 0 0 1 1 1 0 1 0 0 1 0 0 1 0 1 0 0 0 0 1 1 0 0 0 0 1 0 0 0 1 1 0 1 0 0 0
 0 0 1 0 0 0 0 0 0 0 1 1 0 0 1 0 0 1 1 0 0 0 0 1 0 0 0 0 1 0 1 0 0 1 1 1 0
 0 1 0 1 0 1 1 0 0 0 1 0 0 0 1 1 0]","[1 0 0 1 1 1 0 1 0 0 1 0 0 1 0 1 0 0 0 0 1 1 0 0 0 1 1 0 0 1 1 1 0 1 0 0 0
 0 0 1 0 0 0 0 0 0 0 1 0 0 0 0 0 0 1 1 0 0 0 0 1 0 1 0 0 1 0 1 0 0 1 1 1 0
 0 1 0 1 0 1 1 0 0 0 1 0 1 0 1 1 0]"
12,"[0 0 1 0 0 1 0 0 0 1 0 0 1 0 0 1 1 1 0 1 1 0 0 0 0 1 0 0 0 0 1 0 0 0 1 0 1
 1 0 1 1 1 0 0 1 0 1 0 1 0 1 0 0 0 0 0 0 1 1 0 0 1 1 1 1 1 0 1 1 0 1 0 0 0
 1 1 1 0 0 1 0 1 0 1 0 1 0 0 1 0 0]","[0 0 1 0 0 1 0 0 0 0 0 0 1 0 0 1 1 1 0 0 1 0 0 0 0 1 0 0 0 0 1 0 0 0 1 0 1
 0 0 1 1 0 0 0 1 0 1 0 1 0 1 0 0 0 0 0 1 0 1 0 0 1 1 1 1 1 0 0 1 0 1 0 0 0
 1 1 0 0 0 1 0 1 0 1 0 1 0 0 1 0 0]","[0 0 0 0 0 1 0 0 0 1 0 0 1 0 0 1 1 1 0 1 1 0 0 0 0 1 0 0 0 0 1 0 0 0 1 0 1
 1 0 0 1 1 0 0 1 0 1 0 1 0 1 0 0 0 0 0 0 0 1 0 0 1 1 1 1 1 0 1 1 0 1 0 0 0
 1 1 1 0 0 1 0 1 0 1 0 1 0 0 1 0 0]","[0 0 0 0 0 1 0 0 0 0 0 0 0 0 1 1 1 1 0 0 1 0 1 0 1 1 1 0 0 0 1 0 1 0 1 0 1
 0 0 1 1 1 0 0 1 0 1 0 1 0 1 0 0 0 0 0 0 0 1 0 0 1 1 1 1 1 0 0 1 0 1 0 0 1
 1 1 1 0 0 1 1 1 1 1 0 1 0 0 0 0 0]"
13,"[1 1 0 1 1 0 0 0 0 1 0 1 0 1 1 0 0 0 1 1 1 1 0 0 0 1 0 0 0 0 0 1 1 0 0 1 0
 1 0 0 1 1 1 0 1 0 1 0 0 0 0 0 1 0 1 1 0 1 0 0 1 0 0 0 1 0 1 0 0 1 1 1 1 0
 1 0 0 1 0 1 1 1 1 0 1 0 0 1 0 0 0]","[1 1 0 1 1 0 0 0 0 1 0 1 0 1 1 0 0 0 0 1 1 1 0 0 0 1 0 0 0 0 0 1 1 0 1 1 0
 1 0 0 1 1 1 0 1 0 1 0 0 0 0 1 1 0 1 1 0 1 0 0 1 0 0 0 1 0 1 0 0 1 1 1 1 0
 1 0 0 1 0 1 1 1 1 0 1 0 0 1 0 0 0]","[1 1 0 1 1 0 0 0 0 1 0 1 0 1 1 0 0 0 0 1 1 1 0 0 0 1 0 0 0 0 0 1 1 0 1 1 0
 1 0 0 1 1 1 0 1 0 1 0 0 0 0 0 1 0 1 1 0 1 0 0 1 0 0 0 1 0 1 0 0 1 1 1 1 1
 1 0 0 1 0 1 1 1 1 0 1 0 0 1 0 0 0]","[1 1 0 1 1 0 0 0 0 1 0 1 1 1 1 0 1 1 0 0 1 1 0 1 0 1 0 0 0 0 0 1 1 1 1 1 0
 1 1 0 1 1 1 0 1 0 1 0 0 0 1 0 1 0 1 1 0 1 0 0 1 0 1 0 1 0 1 0 0 1 1 1 1 1
 1 0 0 1 0 1 1 1 1 0 1 0 0 1 0 0 0]"
14,"[0 0 1 1 0 1 1 0 1 1 1 0 1 0 1 1 0 0 0 0 0 0 1 0 0 0 0 1 1 0 0 1 0 0 0 1 0
 1 0 1 1 0 0 1 0 0 1 0 1 0 1 1 0 1 1 0 0 0 0 0 0 1 1 0 0 1 0 1 1 1 0 0 0 1
 0 0 1 0 1 1 0 1 1 0 1 1 0 1 0 1 1]","[0 0 1 1 0 1 1 0 1 1 1 0 1 0 1 1 0 0 0 0 0 0 1 0 0 0 0 1 1 0 0 1 0 1 0 1 0
 1 0 1 1 0 0 1 0 0 1 1 1 0 1 1 0 1 1 0 0 1 0 0 0 1 1 0 0 1 0 1 1 1 0 1 0 1
 1 0 1 0 1 1 0 1 1 0 1 1 0 1 0 1 1]","[0 0 1 1 0 1 1 0 1 1 0 0 0 0 1 1 0 0 0 0 0 0 1 0 0 0 0 1 1 0 0 1 0 0 0 1 0
 1 0 0 1 0 0 1 0 0 1 0 1 0 1 1 0 1 1 0 0 0 0 0 0 0 1 0 0 1 0 1 1 1 0 0 0 1
 0 0 1 0 1 1 0 1 1 0 1 1 0 1 0 0 1]","[0 0 1 0 1 0 1 0 1 1 1 0 0 0 1 1 0 0 0 0 0 0 1 0 0 0 0 1 1 0 0 1 0 1 0 1 0
 0 0 1 0 0 0 1 0 0 1 0 1 0 1 1 0 1 1 1 0 0 0 0 0 1 1 0 0 1 0 0 0 1 0 0 1 1
 0 0 1 0 1 1 0 1 1 0 0 1 0 1 0 1 1]"
15,"[0 0 0 1 1 0 1 1 1 0 0 0 0 1 0 0 1 0 0 0 0 0 0 1 1 0 0 1 0 1 1 0 0 1 0 0 0
 0 0 0 1 0 1 0 0 0 1 0 1 0 1 1 1 1 1 1 0 0 1 1 1 1 0 1 1 1 0 0 0 1 1 1 0 1
 0 0 1 1 0 0 0 0 0 0 1 0 0 0 1 0 1]","[1 0 0 1 1 1 1 1 1 0 1 0 0 1 0 1 1 1 0 0 0 1 0 1 1 1 0 1 1 1 1 1 0 1 1 0 0
 0 0 0 1 0 1 1 0 0 1 0 1 1 1 1 1 1 1 1 1 1 1 1 1 1 0 1 1 1 0 0 0 1 1 1 0 1
 1 1 1 1 1 1 0 1 0 0 1 1 0 0 1 0 1]","[0 0 0 1 0 0 1 1 1 0 0 0 0 1 0 0 1 0 0 0 0 0 0 1 1 0 0 1 0 1 1 0 0 1 0 0 0
 0 1 0 1 0 1 0 0 0 1 0 1 0 1 1 0 1 0 1 0 0 0 1 1 1 0 1 1 0 0 0 0 1 1 1 0 1
 0 0 0 0 0 0 0 0 0 0 1 0 0 0 1 0 1]","[0 0 1 1 0 0 1 1 1 0 1 0 0 1 0 0 1 0 0 0 0 0 0 1 1 0 0 1 0 1 0 0 0 1 0 0 0
 0 0 0 1 0 1 0 0 0 1 0 1 0 1 1 0 1 1 1 0 0 1 1 1 1 0 1 1 1 0 0 0 1 1 1 0 1
 0 0 0 0 0 1 0 1 0 0 1 0 0 1 1 0 1]"
16,"[1 0 0 0 0 1 0 1 0 1 0 0 0 0 1 1 0 0 0 0 1 1 0 0 1 1 0 0 0 1 0 1 0 0 0 0 1
 0 0 0 0 0 0 1 0 0 0 0 1 0 1 0 0 1 0 1 1 1 0 1 0 0 1 1 0 1 0 0 1 0 0 0 0 1
 1 1 0 1 1 0 0 1 1 1 0 1 1 1 0 1 1]","[1 0 0 0 0 1 0 1 0 1 0 0 0 0 1 1 0 0 0 0 1 1 0 0 0 0 0 0 0 1 0 1 0 0 0 0 1
 0 0 0 0 0 0 1 0 0 0 0 1 0 1 0 0 1 0 0 0 1 0 1 0 0 1 1 0 1 0 0 1 0 0 0 0 0
 1 0 0 1 1 0 0 1 0 1 0 1 1 1 0 1 1]","[1 0 0 0 0 1 0 1 0 1 0 0 0 0 1 1 0 0 0 0 1 1 0 0 1 0 0 0 0 1 0 1 0 0 0 1 1
 0 0 0 0 0 0 1 0 0 0 0 1 0 1 0 0 1 0 1 0 1 0 1 0 0 1 1 0 1 0 0 1 0 0 0 0 1
 1 1 0 1 1 0 0 1 1 1 0 1 1 1 0 1 1]","[1 0 0 0 0 1 0 1 0 1 0 0 0 1 1 1 1 0 0 0 1 1 0 0 1 0 0 1 0 1 1 1 0 0 0 0 1
 0 0 0 0 0 0 1 0 0 0 0 1 0 1 0 0 1 0 0 0 1 0 1 0 0 1 1 0 1 0 1 1 0 0 0 0 1
 1 0 0 0 1 0 0 1 1 1 0 1 1 1 0 1 0]"
17,"[0 1 0 1 1 1 0 1 1 0 0 0 0 0 0 0 1 1 1 0 1 1 0 1 0 1 1 1 1 0 0 1 0 0 0 1 0
 0 1 0 0 0 1 0 0 0 0 0 0 0 0 0 0 1 0 0 1 1 1 0 1 0 0 0 0 0 0 0 0 1 1 0 1 1
 0 0 1 1 0 0 0 1 0 0 0 0 1 0 0 1 1]","[0 1 0 1 1 1 0 1 1 0 0 0 0 0 0 0 1 1 1 0 1 1 0 1 0 1 1 1 1 0 0 1 0 0 0 1 0
 1 1 0 0 0 1 0 1 0 0 0 0 0 0 0 0 0 1 0 1 1 1 0 1 0 1 0 0 0 0 0 0 1 1 0 1 1
 1 0 1 1 0 0 0 1 0 0 0 0 1 0 0 1 1]","[0 1 0 1 1 1 0 1 0 0 0 0 0 0 0 0 1 1 1 0 1 1 0 1 0 0 1 1 1 0 0 0 0 0 0 1 0
 0 1 0 0 0 1 0 1 0 0 0 0 0 0 0 0 0 0 0 1 1 1 0 1 0 0 0 0 0 0 0 0 1 1 0 1 1
 1 0 1 1 0 0 0 1 0 0 0 0 1 0 0 1 1]","[0 1 0 1 1 0 1 1 1 0 0 0 1 0 0 0 1 1 1 0 1 1 0 1 0 1 1 1 1 0 0 0 0 0 1 1 1
 1 1 0 0 0 0 0 1 0 0 0 0 1 0 0 0 1 0 0 1 1 1 0 1 0 0 0 1 1 0 0 0 1 1 0 1 1
 0 0 1 0 0 0 0 1 0 0 0 0 1 0 0 1 1]"
18,"[1 1 1 0 0 0 0 0 1 0 0 0 0 1 0 1 1 0 0 0 0 1 0 0 1 1 0 0 0 1 0 0 0 1 1 0 1
 0 0 0 0 0 0 0 1 0 0 0 0 1 0 0 1 0 1 0 0 0 0 1 0 0 1 0 1 1 1 1 1 1 1 0 1 1
 0 1 1 0 1 0 0 1 0 1 0 0 0 1 0 0 0]","[1 1 1 0 0 0 0 0 1 0 0 0 0 1 0 1 1 0 0 0 0 1 0 0 1 1 0 0 0 1 0 0 0 1 1 0 1
 1 0 0 0 0 0 0 1 0 0 0 0 1 0 0 1 0 1 1 0 0 0 1 0 0 1 0 1 1 1 1 1 1 1 0 1 1
 0 1 1 0 1 0 0 1 0 1 0 0 0 1 0 0 0]","[1 1 1 0 0 0 0 0 1 0 0 0 0 1 0 0 1 0 0 0 0 1 0 0 1 1 0 0 0 1 0 0 0 0 1 0 0
 1 0 0 0 0 0 0 1 0 0 0 0 1 0 0 1 0 1 1 0 0 0 1 0 0 1 0 1 0 1 1 1 1 0 0 1 1
 0 1 1 0 1 0 0 1 0 1 0 0 0 0 0 0 0]","[1 1 1 0 0 0 0 0 1 0 0 0 0 1 0 1 1 0 0 1 0 1 0 0 1 1 0 0 0 1 0 0 0 0 1 0 1
 0 0 0 0 0 0 0 1 0 0 1 0 1 0 0 0 0 1 0 0 0 0 1 1 0 1 0 1 1 1 1 1 1 0 0 1 1
 0 1 1 0 1 0 0 1 0 1 1 0 0 1 0 1 0]"
19,"[0 0 0 1 0 0 0 1 1 0 0 1 0 0 0 1 0 1 1 0 0 1 1 1 0 0 1 0 0 1 1 1 0 0 0 0 0
 1 0 1 1 1 1 1 0 1 0 0 0 1 1 0 1 1 0 1 1 0 0 0 0 1 0 1 0 0 0 1 0 1 1 0 0 1
 0 0 0 0 0 0 0 1 0 1 1 0 0 0 0 0 0]","[0 0 0 1 0 0 0 0 1 0 0 1 0 0 0 0 0 0 0 0 0 1 1 1 0 0 0 0 0 0 1 0 0 0 0 0 0
 0 0 1 0 1 1 1 0 1 0 0 0 0 1 0 1 1 0 1 1 0 0 0 0 0 0 1 0 0 0 1 0 1 0 0 0 0
 0 0 0 0 0 0 0 0 0 1 0 0 0 0 0 0 0]","[0 0 0 1 0 0 0 1 1 0 0 1 0 0 0 0 0 1 1 0 0 1 1 1 0 0 1 0 0 1 1 0 0 0 0 0 0
 1 0 1 0 1 1 1 0 1 0 0 0 1 1 0 1 1 0 1 1 0 0 0 0 1 0 1 0 0 0 1 0 1 1 0 1 1
 0 0 0 0 0 0 0 1 0 1 0 0 0 0 0 0 0]","[0 0 0 1 0 1 0 1 1 0 0 1 0 0 0 1 0 1 0 0 0 1 1 1 1 0 1 0 1 1 1 0 0 0 0 0 0
 1 0 1 0 1 1 1 0 1 0 1 0 0 1 0 1 1 0 1 1 1 0 0 0 1 0 1 0 0 0 1 0 1 1 0 1 0
 0 0 0 0 0 0 0 0 0 1 0 0 0 0 0 0 0]"
20,"[0 0 0 0 0 1 0 0 0 1 1 0 1 0 1 0 0 0 0 0 0 0 0 1 0 1 0 1 1 0 0 0 0 1 1 0 0
 1 0 1 0 1 1 0 0 0 0 0 1 1 1 1 0 0 1 0 0 0 1 0 0 1 1 1 0 0 0 0 1 1 0 0 1 0
 0 1 0 1 1 0 1 1 0 0 0 1 1 0 0 1 1]","[0 0 0 0 0 0 0 0 0 1 1 0 0 0 1 0 0 0 0 0 0 0 0 0 0 0 0 0 1 0 0 0 0 0 1 0 0
 0 0 1 0 1 0 0 0 0 0 0 0 1 1 0 0 0 1 0 0 0 1 0 0 1 1 1 0 0 0 0 0 1 0 0 0 0
 0 0 0 0 1 0 0 0 0 0 0 1 0 0 0 0 1]","[0 0 0 0 0 0 0 0 0 1 1 0 1 0 1 0 0 0 0 0 0 0 0 0 0 1 0 1 1 0 0 0 0 0 1 0 0
 1 0 1 0 1 1 0 0 0 0 0 1 1 1 1 0 0 1 0 0 0 1 0 0 1 1 1 0 0 0 0 1 1 0 0 1 0
 0 1 0 1 1 0 1 1 0 0 0 1 1 0 0 1 1]","[1 0 0 0 0 1 0 0 0 1 1 0 1 0 1 0 0 0 0 0 0 0 1 1 0 1 0 1 1 0 0 0 0 1 1 0 0
 0 0 1 0 1 0 1 0 0 0 0 0 1 1 0 0 1 1 0 0 0 1 0 0 1 1 1 0 0 0 0 0 1 0 0 1 0
 0 0 0 0 1 1 1 1 0 0 0 1 1 1 0 0 1]"
21,"[0 0 0 0 0 0 0 0 0 0 0 0 0 0 0 1 0 0 0 1 0 1 0 0 0 0 0 0 0 0 0 0 1 1 1 0 0
 0 0 1 0 0 1 1 0 0 1 0 0 0 0 1 1 1 0 0 0 0 0 0 0 1 0 0 1 0 1 0 0 1 1 0 0 1
 1 1 1 1 0 0 0 0 0 0 1 1 0 0 1 0 0]","[0 0 0 0 0 0 0 0 0 0 0 0 0 0 0 1 0 0 0 1 1 1 0 0 0 0 0 0 0 0 0 0 1 1 1 0 0
 0 0 1 0 0 1 1 0 1 1 0 1 0 0 1 1 1 0 0 0 0 0 0 0 1 0 1 1 0 1 0 0 1 1 0 0 1
 1 1 1 1 0 0 0 0 0 0 1 1 0 0 0 0 0]","[0 0 0 0 0 0 0 0 0 0 0 0 0 0 0 1 0 0 0 1 0 1 0 0 0 0 0 0 0 0 0 0 1 1 0 0 0
 0 0 1 0 0 1 1 0 1 1 0 0 0 0 1 0 1 0 0 0 0 0 0 0 1 0 0 1 0 1 0 0 1 1 0 0 1
 1 1 1 1 0 0 0 0 0 0 1 1 0 0 0 0 0]","[0 0 0 0 0 0 0 0 0 0 0 0 1 0 0 1 0 0 0 1 0 1 0 0 0 0 0 0 0 1 0 0 1 0 0 0 0
 0 0 1 0 0 1 1 0 0 1 0 0 0 0 1 1 1 0 0 0 0 0 0 0 1 0 1 1 0 1 0 0 1 1 0 0 1
 1 1 1 1 0 0 0 0 0 0 1 1 0 0 1 0 0]"
22,"[1 0 0 1 0 1 1 1 1 0 0 0 0 0 1 1 0 0 1 1 0 1 1 0 0 0 0 1 1 0 0 0 0 0 0 0 0
 0 0 0 1 0 0 1 1 0 0 0 1 0 0 0 0 0 0 0 1 1 1 0 1 0 0 1 0 1 0 1 1 1 1 0 1 1
 1 1 1 0 0 1 1 0 0 0 0 0 0 0 1 0 0]","[1 0 0 0 0 1 1 1 1 1 0 0 0 0 1 1 1 0 1 1 0 1 1 0 0 0 0 1 1 0 0 0 0 0 0 0 0
 0 0 0 1 0 0 1 1 1 0 0 1 0 1 0 0 0 1 0 1 1 1 0 1 0 1 1 0 1 0 1 1 1 1 1 1 1
 1 1 1 1 0 1 1 0 0 0 0 0 0 0 1 0 0]","[1 0 0 1 0 1 1 1 1 0 0 0 0 0 1 1 0 0 1 1 0 1 1 0 0 0 0 1 1 0 0 0 0 0 0 0 0
 0 0 0 1 0 0 1 1 0 0 0 1 0 1 0 0 0 0 0 1 0 1 0 1 0 1 1 0 1 0 1 1 1 1 0 1 1
 1 1 1 0 0 1 0 1 0 0 0 0 0 0 1 0 0]","[1 0 0 1 0 1 1 0 1 0 0 1 0 0 1 1 0 0 1 1 0 1 1 0 1 0 0 1 1 0 0 0 0 0 0 0 0
 0 0 0 1 0 0 0 1 0 0 1 1 0 1 0 1 0 0 1 0 1 0 0 1 0 1 1 0 1 0 0 1 1 0 0 1 1
 1 1 1 0 0 1 1 1 1 0 0 0 0 0 1 0 0]"
23,"[0 0 0 0 0 0 0 0 0 1 1 0 0 1 0 1 0 0 1 0 0 1 1 0 1 1 0 0 1 0 1 0 0 0 0 1 1
 0 1 1 0 1 0 0 0 1 1 0 1 1 0 0 1 0 0 1 1 1 0 1 1 0 0 0 0 0 0 1 0 1 0 0 1 0
 1 0 0 1 0 0 0 0 0 0 0 1 0 1 0 1 1]","[1 0 1 0 1 0 1 1 0 1 1 0 1 0 1 1 1 1 1 1 1 1 1 0 1 1 1 1 1 0 0 1 0 1 1 0 1
 1 1 1 1 1 1 1 1 1 1 1 1 1 1 1 1 1 1 1 1 0 0 1 1 0 1 1 0 1 1 1 1 0 1 0 1 1
 1 1 1 1 1 1 1 1 1 1 1 1 1 1 1 1 1]","[0 0 0 0 0 0 0 0 0 1 1 1 0 1 0 1 0 0 1 0 0 1 0 0 1 1 0 0 0 0 1 0 0 0 0 1 1
 0 1 1 0 1 0 0 0 1 1 0 1 1 0 0 1 0 0 1 1 1 0 1 1 0 0 0 0 0 0 1 0 1 0 0 1 0
 0 0 0 1 0 0 0 0 0 0 0 0 0 1 0 1 1]","[0 0 0 0 0 0 0 0 1 1 1 0 0 1 0 0 0 0 1 0 0 1 0 1 1 0 0 0 1 0 1 0 0 0 0 1 1
 0 1 1 0 1 0 0 0 1 1 0 1 1 0 0 0 0 0 0 1 1 0 1 0 0 0 0 0 0 0 1 0 0 0 0 1 0
 0 0 0 1 0 0 0 0 0 0 0 0 0 1 0 1 1]"
24,"[0 0 0 0 0 0 0 0 0 1 0 1 0 1 0 1 0 1 1 0 0 0 0 0 0 1 0 0 0 1 0 0 0 1 1 0 1
 0 1 0 0 0 1 0 0 0 0 0 1 0 1 0 0 0 1 1 1 0 1 0 0 1 0 1 1 0 0 0 1 0 1 1 0 0
 0 0 0 0 0 0 1 1 1 0 1 0 0 0 0 0 1]","[1 0 0 0 1 0 0 0 0 1 0 1 0 0 0 1 0 1 1 1 1 1 1 0 0 1 0 0 0 1 0 0 0 1 1 0 1
 1 1 0 0 0 1 0 0 1 0 1 1 1 1 0 1 1 1 1 1 0 1 0 0 1 1 1 1 1 0 0 1 0 1 1 0 1
 1 0 0 0 0 0 1 1 1 1 1 0 0 0 0 0 1]","[0 0 0 0 0 0 0 0 0 0 0 0 0 1 0 1 0 0 1 0 0 0 0 0 0 1 0 0 0 1 0 0 0 1 1 1 1
 0 1 0 0 0 1 0 0 0 0 0 1 0 1 0 0 0 1 1 1 0 1 0 0 1 0 1 1 0 0 0 1 0 1 1 0 0
 0 0 0 0 0 0 1 1 0 0 1 1 0 0 0 0 1]","[0 0 0 0 0 1 0 1 0 0 0 1 0 1 0 1 0 1 1 0 1 0 0 0 0 1 0 0 0 1 0 0 0 1 1 0 1
 0 1 0 0 0 1 0 0 0 0 0 1 0 1 0 0 0 1 1 1 0 1 0 0 1 0 1 1 0 0 0 1 0 1 1 0 0
 0 0 1 0 1 0 1 1 1 0 1 0 0 0 0 0 1]"
25,"[0 1 1 0 0 0 1 1 1 0 0 0 0 1 1 0 0 0 0 0 1 0 1 1 1 1 0 0 0 0 0 0 0 1 0 1 0
 0 0 1 0 0 0 1 0 1 0 0 1 1 1 1 0 0 1 0 0 1 1 0 1 0 0 0 0 1 0 1 0 1 0 0 1 1
 0 1 0 1 0 0 1 1 0 0 0 1 0 1 1 0 0]","[0 1 1 0 0 1 1 1 1 0 0 0 0 1 1 0 0 0 0 0 1 0 1 1 1 1 1 0 0 1 0 0 1 1 0 1 0
 0 0 1 0 0 0 1 0 1 0 1 1 1 1 1 0 0 1 0 0 1 1 0 1 1 0 0 0 1 0 1 0 1 1 0 1 1
 0 1 1 1 0 0 1 1 0 0 0 1 0 1 1 1 0]","[0 1 1 0 0 0 1 1 1 0 0 0 0 1 1 0 0 0 0 0 1 0 1 1 1 1 1 0 0 0 0 0 0 1 0 1 0
 0 0 1 0 0 0 1 0 1 0 0 1 1 0 1 0 0 1 0 0 1 1 0 1 0 0 0 0 1 0 0 0 1 0 0 1 1
 0 1 0 1 0 0 1 1 0 0 0 1 0 0 0 1 0]","[0 0 1 1 0 1 1 1 1 0 0 0 0 1 1 0 0 0 0 0 1 0 1 1 1 1 0 0 0 0 0 0 0 1 1 1 0
 0 0 1 0 0 0 1 0 1 0 0 1 1 0 1 1 0 1 0 0 0 1 0 1 0 0 0 0 0 0 0 0 0 1 0 1 1
 0 1 0 1 0 0 1 1 0 0 1 1 0 0 0 1 0]"
26,"[0 0 0 0 1 1 0 0 1 0 0 0 0 1 1 0 0 0 0 0 0 1 0 0 1 0 1 0 0 1 1 0 0 0 0 1 1
 1 0 0 0 0 0 1 0 0 0 1 0 1 1 1 0 1 0 1 0 1 0 0 1 0 1 1 1 1 0 1 0 0 1 1 0 0
 1 0 0 0 1 1 0 0 1 1 0 0 0 1 0 0 0]","[0 0 0 1 1 1 0 0 1 0 0 1 0 1 1 0 0 0 0 0 0 1 0 0 1 1 1 0 0 1 1 0 0 0 0 1 1
 1 0 1 1 0 0 1 0 0 0 1 0 1 1 1 0 1 0 1 0 1 0 0 1 0 1 1 1 1 0 1 0 0 1 1 1 0
 1 0 1 0 1 1 1 0 1 1 0 0 0 1 0 0 0]","[0 0 0 1 1 1 0 0 1 0 0 0 0 1 1 0 0 0 0 0 0 1 0 0 1 0 1 0 0 1 1 0 0 0 0 1 1
 1 0 0 0 0 0 1 0 0 0 1 0 1 0 1 0 0 0 1 0 1 0 0 1 0 1 1 1 1 0 1 0 0 1 1 0 0
 1 0 0 0 1 1 0 0 1 1 0 0 0 1 0 0 0]","[0 0 1 1 1 1 0 0 1 0 1 0 0 1 1 0 0 0 0 0 0 1 0 0 0 0 1 0 0 0 1 0 0 0 1 1 1
 1 0 0 0 0 0 1 1 0 0 1 0 1 0 1 0 0 0 0 1 1 0 0 1 0 1 1 1 1 0 1 0 0 1 1 0 0
 1 0 0 0 1 1 0 1 1 1 0 1 0 1 0 0 1]"
27,"[0 0 1 0 0 0 1 0 1 0 0 0 0 1 1 0 0 1 0 0 0 0 1 1 1 0 0 0 1 0 0 1 0 0 1 0 0
 1 1 0 1 1 0 1 0 0 0 0 1 0 0 1 1 0 0 1 0 1 0 0 0 0 1 0 0 1 0 1 1 0 1 0 0 0
 0 0 1 0 1 0 0 0 1 0 0 1 1 0 1 0 1]","[0 0 1 0 0 0 1 0 1 0 0 1 0 1 1 0 0 1 0 1 1 0 1 1 1 0 0 0 1 0 0 1 0 0 1 0 0
 1 1 0 1 1 0 1 0 0 0 0 1 0 0 1 1 0 0 1 0 1 0 0 1 0 1 1 0 1 0 1 1 0 1 1 0 0
 0 0 1 0 1 0 0 0 1 0 1 1 1 0 1 0 1]","[0 0 1 0 0 0 1 0 1 0 0 0 0 1 1 0 0 0 0 1 0 0 1 1 0 0 0 0 1 0 0 1 0 0 1 0 0
 1 1 0 1 1 0 1 0 0 0 0 1 0 0 1 0 0 0 1 0 1 0 0 0 0 1 0 0 0 0 1 1 0 1 0 0 0
 0 0 1 0 0 0 0 0 1 0 0 0 1 0 0 0 1]","[0 1 0 0 0 0 1 0 1 0 0 0 0 1 1 0 1 1 0 1 0 0 1 1 0 0 0 0 1 0 0 1 0 0 1 0 0
 1 1 0 1 1 0 1 0 0 0 0 1 0 0 1 0 0 0 1 0 1 0 1 0 0 1 1 1 0 0 1 1 0 1 1 0 0
 0 0 1 0 0 0 0 0 0 0 0 1 1 0 0 0 1]"
28,"[1 0 1 1 0 0 1 0 1 1 0 0 0 1 0 0 0 0 1 1 1 1 0 1 1 0 0 0 0 1 0 1 0 0 0 1 1
 1 0 0 0 0 1 0 1 1 0 1 0 0 1 1 0 0 0 1 1 0 0 0 0 0 0 0 1 1 0 1 0 1 0 1 0 1
 0 1 1 0 0 0 1 1 0 0 1 0 1 0 1 1 1]","[1 0 1 1 0 0 1 0 1 1 0 0 0 1 0 0 0 0 1 1 0 1 0 1 1 0 0 0 0 1 0 1 0 0 0 1 1
 0 0 0 0 0 1 0 1 1 0 1 0 0 1 1 0 0 0 1 1 0 0 0 0 0 0 0 1 1 0 1 0 1 0 1 0 1
 0 1 1 0 0 0 0 1 0 0 1 0 1 0 1 1 1]","[1 0 1 1 0 0 0 0 1 1 0 0 0 1 0 0 0 0 1 1 0 1 0 1 1 0 0 0 0 1 0 1 0 0 0 1 1
 0 0 0 0 0 1 1 1 1 0 1 0 0 1 1 0 0 0 1 1 0 0 0 0 0 0 0 1 1 1 1 0 1 0 1 0 1
 0 0 1 0 1 0 1 1 0 0 1 0 1 0 1 1 1]","[0 0 1 0 1 0 1 0 1 1 0 0 0 1 0 0 1 1 1 1 1 1 0 1 0 0 0 0 0 1 0 1 0 1 0 1 1
 0 0 0 0 0 1 0 1 1 0 1 0 0 1 1 0 0 0 1 1 0 0 0 1 0 0 0 1 1 1 1 0 1 0 0 0 0
 0 0 0 0 0 0 1 1 0 0 1 1 1 0 1 1 1]"
29,"[1 1 0 1 1 0 0 0 0 1 1 1 0 1 1 0 0 0 0 0 1 1 1 1 0 1 0 0 1 0 1 0 0 0 1 0 1
 1 1 0 1 0 1 0 0 0 1 0 1 0 0 0 1 0 0 1 0 0 0 1 0 1 1 1 0 0 0 0 0 0 0 0 1 1
 0 0 0 1 1 0 1 1 1 0 1 0 1 0 0 0 1]","[1 1 0 1 1 0 0 0 0 1 1 1 0 1 1 0 0 0 0 0 1 1 1 1 0 1 0 0 1 0 1 0 0 0 1 0 1
 1 1 0 1 0 1 0 0 0 1 0 1 0 0 0 1 0 0 1 0 0 0 1 0 1 1 1 0 0 0 0 1 0 0 0 1 1
 0 0 0 1 1 0 1 1 1 0 1 0 1 1 0 0 1]","[1 1 0 1 1 0 0 0 0 1 1 1 0 1 1 0 1 0 0 0 1 1 0 1 0 1 0 0 1 0 1 0 0 0 0 0 1
 1 1 0 1 0 1 0 0 0 1 0 1 0 0 1 1 0 0 1 0 0 0 1 0 1 1 1 0 0 0 0 0 0 0 0 1 1
 0 0 0 1 1 0 1 1 1 0 0 0 1 0 0 0 1]","[1 0 0 0 1 0 1 1 0 0 1 1 0 1 1 0 1 0 0 0 0 1 0 1 0 0 0 0 1 0 0 0 0 0 0 1 1
 1 1 0 1 0 1 0 0 0 1 0 1 0 0 0 0 0 0 1 0 0 0 1 0 0 1 1 0 0 0 0 0 1 0 0 1 1
 0 1 0 1 0 0 1 1 1 0 1 0 1 0 0 0 1]"
30,"[1 1 1 0 1 0 1 0 0 0 0 1 1 0 1 0 1 1 0 0 1 0 0 0 0 0 1 0 0 0 0 0 1 1 0 0 0
 1 0 0 1 0 1 0 0 0 0 0 1 0 1 1 1 0 1 0 0 0 0 0 1 1 0 1 0 1 1 0 0 0 1 1 1 0
 1 1 1 0 0 0 0 0 0 1 1 1 0 0 0 0 1]","[1 1 1 0 1 0 1 0 0 0 0 1 1 0 1 0 1 1 0 0 0 0 0 0 0 0 1 0 0 0 0 0 1 1 0 0 0
 1 0 0 0 0 1 0 0 0 0 0 1 0 0 1 1 0 1 0 0 0 0 0 1 1 0 1 0 1 0 0 0 0 1 1 1 0
 0 0 1 0 0 0 0 0 0 1 1 1 0 0 0 0 1]","[1 1 1 0 1 0 1 0 0 0 0 1 1 0 1 0 1 1 0 0 1 0 0 0 0 0 1 0 0 0 0 0 1 1 0 0 0
 1 0 0 1 0 1 0 0 0 0 0 1 0 0 1 1 0 1 0 0 0 0 0 1 1 0 1 0 1 0 0 0 0 1 1 1 0
 1 0 1 0 0 0 0 0 0 1 1 1 0 0 0 0 1]","[1 1 1 0 1 0 1 0 0 0 0 1 1 0 1 1 1 1 0 0 0 0 0 0 0 0 1 0 0 0 0 0 1 1 0 0 1
 1 0 0 1 1 1 0 0 1 0 1 1 0 0 1 1 0 1 0 0 0 0 0 1 1 0 1 1 1 0 0 0 0 1 1 1 1
 0 0 0 0 0 0 0 0 0 1 1 1 1 0 0 0 1]"
31,"[0 0 0 0 0 1 1 1 1 0 1 0 0 1 0 0 0 0 0 0 1 0 0 0 0 0 0 0 1 0 0 0 0 1 0 1 1
 1 1 0 1 0 0 0 1 0 1 1 0 0 0 0 1 0 1 1 0 1 0 0 0 0 1 0 0 0 1 0 1 0 1 1 0 1
 1 0 0 1 0 1 0 1 1 1 0 1 0 1 0 0 0]","[0 0 0 1 0 1 1 1 1 1 0 1 0 1 1 1 0 0 0 1 0 0 0 1 0 0 0 0 1 1 0 1 1 1 1 0 1
 1 1 0 1 0 1 0 1 0 1 0 0 0 1 0 1 0 1 1 0 1 0 0 1 0 1 0 1 0 1 0 1 0 0 1 1 1
 1 0 0 1 1 1 0 1 1 0 1 1 0 1 1 0 0]","[0 0 0 0 0 1 1 1 1 0 1 0 0 1 0 0 0 0 0 0 1 0 0 0 0 0 0 0 1 0 0 0 0 1 0 0 1
 1 1 0 1 0 0 0 0 0 1 1 0 0 0 0 1 0 1 1 0 1 0 0 0 0 1 0 0 0 1 0 1 0 1 0 0 1
 1 0 0 1 0 1 0 1 1 1 0 1 0 1 0 0 0]","[0 0 0 0 1 1 1 1 1 0 1 0 0 1 0 0 1 0 0 0 1 0 0 0 0 0 0 0 1 0 0 0 0 1 0 0 1
 1 1 0 1 0 1 0 0 1 0 1 0 0 0 0 1 1 1 1 0 1 0 0 0 0 1 0 0 0 1 0 1 0 0 0 0 1
 1 0 0 0 0 1 0 1 1 1 0 0 0 1 0 0 0]"
32,"[0 1 1 0 0 1 0 1 1 0 0 1 0 1 0 1 1 0 0 0 1 0 0 0 0 0 0 0 0 0 1 0 1 1 1 0 1
 1 0 1 0 0 0 0 1 0 0 0 1 0 0 0 0 0 1 0 0 1 0 1 0 1 1 0 1 0 0 0 0 1 0 0 0 1
 1 0 1 1 0 0 1 1 1 1 1 0 0 1 1 1 0]","[0 1 1 0 0 1 0 1 1 0 0 1 1 1 1 1 1 0 0 0 1 0 0 0 0 0 0 0 0 0 1 1 1 1 1 1 1
 1 0 1 0 1 1 0 1 0 0 0 1 1 1 0 1 0 1 0 0 1 1 1 0 1 1 1 1 0 0 1 0 1 0 0 0 1
 1 0 1 1 0 0 1 1 1 1 1 1 0 1 1 1 0]","[0 1 0 0 0 1 0 1 1 0 0 1 0 1 0 1 1 0 0 0 1 0 0 0 0 0 0 0 0 0 1 0 1 1 1 0 1
 0 0 1 0 0 0 0 1 0 0 0 1 0 0 0 0 0 1 0 0 1 0 1 0 1 1 0 1 0 0 0 0 1 0 0 0 1
 1 0 1 0 0 0 1 1 1 0 1 1 0 1 1 1 0]","[0 1 0 0 0 1 0 1 0 0 0 1 1 1 0 0 0 0 0 0 1 0 0 0 0 0 0 0 0 0 1 0 1 0 1 0 0
 0 0 1 0 0 1 1 1 0 0 0 1 0 0 0 0 0 1 0 0 1 0 1 1 1 1 0 1 0 0 0 0 1 0 0 0 1
 1 0 1 1 1 0 1 1 0 0 1 0 0 1 1 1 0]"
33,"[1 0 1 1 1 1 0 1 0 0 0 1 0 1 1 0 0 0 1 1 1 0 1 1 1 0 0 0 0 0 0 1 1 1 0 1 0
 0 0 0 0 0 0 1 1 0 0 1 1 1 0 0 0 0 1 0 0 0 1 1 1 1 0 1 1 0 1 0 0 1 0 0 1 1
 0 0 0 1 0 0 0 0 1 1 0 0 1 0 1 1 1]","[1 1 1 1 1 1 1 1 1 1 1 1 1 1 1 1 1 1 1 1 1 1 1 1 1 1 0 0 0 0 1 1 1 1 0 1 1
 1 1 1 0 0 1 1 1 0 0 1 1 1 1 0 0 0 1 1 1 0 1 1 1 1 0 1 1 1 1 1 1 1 1 1 1 1
 0 1 1 1 0 1 1 1 1 1 0 1 1 1 1 1 1]","[1 0 1 1 1 1 0 1 0 0 0 1 0 1 1 0 0 0 0 1 1 0 1 1 1 0 0 0 0 0 0 1 1 1 0 1 0
 0 0 0 0 0 0 1 0 0 0 1 1 1 0 0 0 0 1 0 0 0 1 1 1 1 0 1 1 0 1 0 0 0 0 0 1 1
 0 0 0 1 0 0 0 0 1 0 0 0 1 0 1 1 1]","[1 0 1 1 0 1 0 1 0 0 0 1 0 1 1 0 0 0 0 1 1 1 1 1 1 0 0 0 0 0 0 1 1 1 0 0 0
 1 0 0 0 0 0 1 0 0 0 1 0 0 0 0 0 0 1 0 0 0 0 1 1 1 0 1 1 0 1 0 0 0 0 0 1 1
 0 0 0 1 0 0 0 0 1 0 1 0 1 0 1 1 1]"
34,"[0 0 0 1 0 0 1 0 1 0 0 0 1 1 0 0 0 1 0 0 1 1 1 1 1 0 1 0 0 0 1 0 0 0 0 0 1
 0 0 1 1 0 1 1 1 1 0 1 0 0 1 1 0 1 1 0 0 0 0 1 1 0 0 0 0 0 0 0 0 1 1 0 0 0
 0 0 0 1 1 1 0 0 0 0 1 0 0 1 0 1 0]","[0 0 0 1 0 0 1 0 0 0 0 0 1 0 0 0 0 1 0 0 1 1 1 1 1 0 1 0 0 0 1 0 0 0 0 0 1
 0 0 1 1 0 1 1 1 0 0 1 0 0 1 1 0 1 1 0 0 0 0 1 1 0 0 0 0 0 0 0 0 0 1 0 0 0
 0 0 0 1 1 1 0 0 0 0 1 0 0 1 0 1 0]","[0 0 0 1 0 0 1 0 1 0 0 0 1 1 0 0 0 1 0 0 1 1 1 1 1 0 1 0 0 0 1 0 0 0 0 0 1
 0 0 1 1 0 1 1 1 0 0 1 0 0 1 1 0 1 1 0 0 0 0 1 1 0 0 0 0 0 0 0 0 1 1 0 0 0
 0 0 0 1 1 1 0 0 0 0 1 0 0 1 0 1 0]","[0 0 0 1 0 0 1 0 0 0 0 0 1 1 0 0 0 1 0 1 1 1 1 1 1 0 1 0 0 0 1 0 0 0 1 0 1
 0 0 1 1 1 1 1 1 1 0 1 1 1 1 1 0 1 1 1 0 0 0 1 0 0 0 0 0 0 0 0 0 0 1 0 0 0
 0 1 1 1 1 1 0 0 0 0 1 0 0 1 0 1 0]"
35,"[0 1 0 0 0 0 1 0 0 0 1 0 1 0 0 0 0 0 0 1 0 0 0 0 0 1 0 0 0 0 0 1 1 1 1 1 1
 1 1 0 1 1 0 1 0 1 0 0 0 1 0 0 0 0 0 1 0 0 1 1 1 0 0 1 0 0 1 0 0 0 1 0 1 0
 0 0 1 0 0 1 0 1 0 0 0 1 1 1 1 0 1]","[0 1 0 1 0 1 1 0 0 1 1 0 1 1 0 0 0 1 0 1 1 0 0 1 0 1 1 0 0 1 1 1 1 1 1 1 1
 1 1 0 1 1 0 1 0 1 1 0 0 1 1 0 1 1 1 1 1 0 1 1 1 0 1 1 1 0 1 1 0 0 1 1 1 0
 0 0 1 0 0 1 0 1 0 1 1 1 1 1 1 0 1]","[0 1 0 0 0 0 1 0 0 0 1 0 0 0 0 0 0 0 0 1 0 0 0 0 0 1 0 0 0 0 0 1 0 1 1 1 1
 1 1 0 1 1 0 1 0 1 0 0 0 1 0 0 0 1 0 1 0 0 1 1 1 0 0 1 0 0 1 0 0 0 1 0 1 0
 0 0 1 0 0 1 0 1 0 0 0 1 1 1 1 0 1]","[0 1 0 0 0 0 1 0 0 0 1 0 1 0 0 0 0 0 0 0 1 0 0 0 0 1 0 0 0 0 0 1 0 0 1 0 1
 1 1 0 1 1 0 1 0 1 1 0 1 1 0 0 1 1 0 1 0 0 1 1 1 0 0 1 0 0 1 0 0 0 1 0 1 0
 0 0 1 0 1 1 0 1 0 0 0 1 0 1 1 0 1]"
36,"[1 0 0 0 0 0 0 1 0 0 0 0 1 1 1 0 0 0 1 0 0 0 1 0 0 0 1 1 0 1 1 0 1 0 0 0 0
 0 0 0 1 0 1 0 1 0 0 0 0 0 1 0 1 0 0 0 1 0 1 0 1 0 0 0 1 1 1 0 0 0 1 1 1 1
 1 0 0 0 0 0 1 1 0 0 0 0 1 0 0 0 0]","[1 1 1 1 0 0 0 1 0 1 0 0 0 0 0 1 0 1 1 0 0 0 0 0 1 1 0 0 1 0 0 1 1 0 1 0 0
 0 1 0 1 0 0 0 0 0 1 0 1 0 1 0 1 0 0 0 1 0 0 0 0 1 0 1 0 0 0 0 1 0 1 1 0 1
 1 1 0 0 0 1 0 1 1 1 0 0 1 0 1 0 0]","[1 0 0 0 0 0 0 1 0 0 0 0 1 1 1 0 0 0 1 0 0 0 1 0 0 0 1 1 0 1 1 0 1 0 0 0 0
 0 0 0 1 0 1 0 1 0 0 0 0 0 1 0 1 0 0 0 1 0 1 0 0 0 0 0 1 1 1 0 0 0 1 1 1 1
 1 0 0 0 0 0 0 1 0 0 0 0 1 0 0 0 0]","[1 0 0 1 0 0 0 1 1 0 0 0 1 0 1 0 0 1 1 1 0 0 1 0 0 0 1 1 0 1 1 0 1 0 0 0 0
 0 0 0 1 0 1 0 1 0 0 0 0 0 1 0 1 0 0 0 1 1 1 0 1 0 0 0 1 1 1 0 0 0 1 1 1 1
 1 1 0 0 0 0 0 1 0 0 0 0 1 0 0 0 0]"
37,"[0 0 0 0 0 1 0 0 0 1 1 0 1 1 0 1 0 1 1 0 0 0 1 0 0 1 1 1 0 0 0 0 0 0 1 0 0
 0 0 1 0 0 0 0 1 1 0 0 1 0 0 1 0 0 0 0 0 1 0 0 1 1 0 0 0 1 1 1 0 0 1 0 1 1
 0 1 0 0 1 0 0 0 1 0 1 1 0 0 0 0 1]","[1 0 0 0 1 0 0 1 1 0 0 1 0 0 0 0 1 0 0 1 0 1 0 1 1 0 0 0 1 1 1 0 0 1 0 0 1
 1 1 0 1 1 1 1 0 0 1 1 0 1 1 0 1 1 1 1 1 0 1 1 0 0 1 1 1 0 0 0 0 0 0 1 0 0
 1 0 0 1 0 0 1 1 0 1 0 0 0 1 1 1 0]","[0 0 0 0 0 1 0 0 0 0 0 0 1 1 0 1 0 1 1 0 0 0 1 0 0 1 1 0 0 0 0 0 0 0 1 0 0
 0 0 1 0 0 0 0 1 1 0 0 1 0 0 1 0 0 0 0 0 1 0 0 1 1 0 0 0 1 1 1 0 0 1 0 1 1
 0 1 0 0 1 1 0 0 1 0 1 1 0 0 0 0 1]","[1 0 0 1 0 1 1 0 0 1 1 0 1 1 1 1 0 1 1 0 0 0 1 1 0 1 1 1 0 0 0 1 0 0 1 1 0
 0 0 1 0 0 0 0 1 1 0 0 1 0 0 1 1 0 0 0 0 0 1 0 1 0 0 0 0 1 1 1 0 0 1 0 1 1
 0 1 0 0 1 0 0 0 0 0 1 1 0 0 0 0 1]"
38,"[1 1 1 0 0 0 0 0 0 0 1 0 0 0 0 1 1 0 1 1 0 0 0 0 1 0 0 0 1 0 1 1 1 0 1 1 1
 0 0 0 1 1 0 0 1 0 1 1 0 0 0 0 1 1 0 0 0 0 0 1 1 1 1 0 1 0 0 0 0 0 1 1 0 1
 1 0 1 0 1 0 1 0 0 1 1 1 1 0 1 0 0]","[1 1 1 0 0 1 0 0 0 0 1 0 1 1 0 1 1 0 1 1 1 0 0 1 1 0 1 0 1 0 1 1 1 0 1 1 1
 0 0 0 1 1 0 1 1 0 1 1 1 0 0 0 1 1 0 1 1 0 0 1 1 1 1 0 1 0 1 0 0 0 1 1 0 1
 1 0 1 0 1 0 1 0 1 1 1 1 1 0 1 0 0]","[1 1 1 0 0 0 0 0 0 0 1 0 0 0 0 1 1 0 1 1 1 0 0 0 0 0 0 0 1 0 1 1 1 0 1 1 1
 0 0 0 1 1 0 0 1 0 1 1 0 0 0 0 1 1 0 0 0 0 0 0 1 1 1 0 1 0 0 0 0 0 0 1 0 1
 1 0 1 0 1 0 1 0 0 1 0 1 1 0 1 0 0]","[1 1 1 0 0 1 0 0 0 0 1 0 0 0 0 1 1 0 1 1 0 0 0 0 0 0 1 0 1 0 1 0 1 0 1 1 1
 0 0 0 1 1 0 1 1 0 1 1 0 0 0 0 1 1 0 0 0 1 0 0 1 1 1 0 1 0 0 1 0 0 1 1 0 1
 1 0 1 0 1 0 0 0 1 1 0 1 1 0 1 0 0]"
39,"[1 0 0 1 1 0 0 0 1 1 1 1 0 1 1 0 0 0 0 0 0 1 1 0 1 1 0 1 0 1 1 0 0 0 0 0 0
 0 0 0 1 0 0 1 0 0 0 1 1 0 0 1 1 0 1 0 0 0 0 1 1 0 1 0 0 1 0 0 0 1 1 1 0 0
 0 0 0 0 0 1 0 0 0 0 1 0 0 1 0 0 1]","[1 0 0 1 1 0 0 0 1 1 1 1 0 1 0 0 0 0 0 0 0 1 1 0 0 1 0 1 0 1 1 0 0 0 0 0 0
 0 0 0 1 0 0 1 0 0 0 1 0 0 0 1 1 0 1 0 0 0 0 1 1 0 1 0 0 1 0 0 0 1 0 1 0 0
 0 0 0 0 0 1 0 0 0 0 1 0 0 0 0 0 1]","[1 0 0 1 1 0 0 0 1 1 1 1 0 1 0 0 0 0 0 0 0 1 1 0 0 1 0 1 0 1 1 0 0 0 0 0 0
 0 0 0 1 0 0 1 0 0 0 0 0 0 0 1 1 0 1 0 0 0 0 1 1 1 1 0 0 1 0 0 0 1 1 1 0 0
 0 0 0 0 0 1 0 0 0 0 1 0 0 0 0 0 1]","[1 0 1 1 1 0 0 1 1 1 1 1 0 1 0 0 0 0 0 0 0 1 1 0 1 1 0 1 0 1 1 0 1 0 0 0 0
 0 0 0 1 0 0 1 0 0 0 0 0 0 0 0 1 0 1 0 0 0 0 1 1 0 0 0 1 1 0 0 0 1 0 1 0 0
 0 0 1 0 0 1 0 0 0 1 1 0 1 0 0 0 1]"
40,"[0 1 0 1 1 1 0 1 1 1 0 0 1 0 0 0 1 1 0 1 1 0 1 1 1 0 0 0 1 0 0 0 0 1 0 1 0
 0 1 0 1 0 0 0 0 1 1 0 0 0 1 1 0 1 0 1 0 0 0 1 1 0 1 0 0 0 0 0 1 0 1 1 0 1
 0 0 1 1 0 1 1 1 1 1 0 0 0 1 0 1 1]","[0 1 0 1 1 1 0 1 1 1 1 0 1 1 1 1 1 1 0 1 1 0 1 1 1 1 1 0 1 0 0 0 0 1 0 1 0
 0 1 0 1 0 1 1 0 1 1 1 0 0 1 1 0 1 1 1 1 0 1 1 1 0 1 0 0 1 0 0 1 1 1 1 0 1
 0 0 1 1 0 1 1 1 1 1 0 0 0 1 1 1 1]","[0 1 0 1 1 1 0 1 1 1 0 0 1 0 0 0 1 1 0 1 1 0 1 1 1 0 0 0 1 0 0 0 0 1 0 1 0
 0 1 0 1 0 0 0 0 1 1 0 0 0 1 1 0 1 0 1 0 0 0 1 1 0 1 0 0 0 0 0 1 1 1 1 0 1
 0 0 1 0 0 0 1 1 1 1 0 0 0 1 0 1 1]","[0 0 0 1 1 1 0 1 1 1 0 0 1 0 0 1 1 1 0 0 1 0 1 1 1 0 0 0 1 0 0 0 0 1 0 1 0
 0 1 1 1 0 0 0 0 1 1 0 0 0 1 1 0 1 0 1 0 0 0 1 0 0 1 0 0 0 0 0 1 1 1 1 0 1
 0 0 1 0 0 0 1 1 0 1 0 0 0 0 0 1 1]"
41,"[1 0 1 1 0 1 0 0 0 0 0 1 0 0 1 1 0 0 0 0 0 0 0 1 0 0 1 1 0 0 0 0 0 1 1 0 1
 0 1 1 1 0 1 0 1 0 1 0 0 0 0 1 0 0 1 0 0 1 0 0 0 1 0 0 0 1 0 1 0 1 0 1 0 0
 0 1 1 0 0 1 0 0 0 0 0 0 1 0 0 0 0]","[1 1 1 1 0 1 0 0 1 0 0 1 1 0 1 1 0 0 0 0 1 0 0 1 0 0 1 1 0 0 0 1 0 1 1 0 1
 1 1 1 1 0 1 0 1 0 1 0 0 0 0 1 0 1 1 0 0 1 0 0 0 1 1 0 0 1 0 1 1 1 0 1 0 0
 0 1 1 0 0 1 0 0 0 0 0 0 1 0 0 0 0]","[1 0 0 1 0 0 0 0 0 0 0 0 0 0 1 1 0 0 0 0 0 0 0 1 0 0 1 1 0 0 0 0 0 1 1 0 0
 0 1 1 1 0 0 0 1 0 1 0 0 0 0 1 0 0 1 0 0 1 0 0 0 1 0 0 0 1 0 1 0 0 0 0 0 0
 0 0 0 0 0 0 0 0 0 0 0 0 1 0 0 0 0]","[1 0 0 1 0 0 0 0 0 0 0 1 0 0 1 1 0 0 0 1 0 0 0 1 0 0 1 1 0 0 1 0 0 0 1 0 1
 0 1 1 1 0 0 0 1 0 1 0 1 0 0 1 0 0 1 0 0 1 0 0 0 1 1 0 0 1 0 1 1 0 1 1 0 0
 0 0 0 0 0 0 0 1 0 0 1 0 1 0 0 0 0]"
42,"[0 1 0 0 0 1 0 0 1 1 1 1 1 1 0 0 0 1 1 0 0 1 0 0 1 0 1 1 0 0 0 1 0 0 0 1 0
 0 0 0 0 0 1 0 1 0 0 0 1 1 1 1 1 0 1 1 1 0 0 1 1 1 1 0 0 1 0 1 0 1 1 0 1 0
 0 0 0 0 1 0 1 1 1 1 0 1 1 0 1 0 1]","[0 1 1 0 0 1 0 1 1 1 1 1 1 1 0 0 0 1 1 1 1 1 0 1 1 0 1 1 1 0 0 1 0 0 0 1 1
 0 1 1 0 0 1 1 1 1 0 0 1 1 1 1 1 1 1 1 1 1 0 1 1 1 1 0 0 1 0 1 1 1 1 0 1 0
 1 0 0 0 1 1 1 1 1 1 1 1 1 0 1 0 1]","[0 1 0 0 0 1 0 0 1 1 1 1 1 1 0 0 0 1 1 0 0 1 0 0 1 0 1 1 0 0 0 0 0 0 0 1 0
 0 0 0 0 0 1 0 1 0 0 0 1 0 1 1 1 0 1 1 0 0 0 1 1 1 1 0 0 1 0 1 0 1 1 0 1 0
 0 0 0 0 1 0 1 1 1 1 0 1 0 0 1 0 1]","[0 1 0 0 0 1 1 0 0 1 1 0 1 1 0 1 0 1 1 1 1 1 0 0 1 0 1 1 0 0 0 0 0 0 0 1 0
 0 0 1 0 0 1 0 1 0 1 0 1 1 1 1 0 0 0 1 0 1 0 1 1 1 1 0 0 1 0 1 0 1 0 1 1 0
 0 0 0 0 1 1 1 1 1 0 0 1 0 0 1 0 1]"
43,"[1 1 1 0 1 0 1 0 1 1 0 0 0 0 0 1 1 1 1 0 0 0 1 0 0 0 0 0 1 0 1 0 1 1 0 0 0
 0 1 0 1 0 0 0 0 0 1 0 0 1 0 0 0 1 0 0 0 1 1 0 0 0 0 0 0 1 0 0 0 1 0 1 1 1
 0 1 0 0 0 0 0 0 0 1 0 0 0 0 0 0 0]","[1 1 1 0 1 0 1 0 1 1 0 0 0 0 0 1 1 1 1 0 0 0 1 0 0 1 0 0 1 0 1 0 0 1 0 1 0
 0 1 1 1 0 0 0 0 0 1 0 0 1 0 0 0 1 0 0 1 1 1 0 0 1 0 0 0 1 0 0 0 1 0 1 1 1
 0 1 0 0 0 0 0 0 0 1 0 0 0 0 0 0 0]","[1 1 1 0 1 0 1 0 1 1 0 0 0 0 0 1 1 1 1 0 0 0 1 0 0 0 0 0 1 0 1 0 0 1 0 0 0
 0 1 1 1 0 0 0 0 0 1 0 0 1 0 0 0 0 0 0 0 1 1 0 0 0 0 0 0 1 0 0 0 1 0 1 1 1
 0 1 0 0 0 0 0 0 0 1 0 0 0 0 0 0 0]","[1 1 1 0 1 0 1 0 1 0 0 0 0 1 0 1 1 1 1 0 0 0 1 0 0 1 0 0 1 0 0 0 0 1 0 0 0
 0 1 0 1 0 0 0 0 0 1 0 0 1 0 0 0 1 0 0 0 1 1 0 0 0 0 0 0 1 0 0 0 1 0 1 1 1
 0 1 0 0 0 0 0 0 0 1 0 0 0 1 0 0 0]"
44,"[0 0 0 0 0 1 0 0 1 0 0 0 1 0 0 0 0 1 0 0 1 1 0 1 0 1 0 0 0 0 0 1 0 0 0 0 0
 0 1 1 1 0 1 1 0 1 0 1 0 0 1 1 1 0 0 0 0 0 1 0 1 1 1 0 0 0 0 1 0 0 0 1 1 0
 1 0 0 0 0 1 1 0 1 1 0 1 1 1 0 1 0]","[0 0 0 0 0 1 0 0 1 0 0 0 1 0 0 0 0 1 0 0 0 1 0 1 0 1 0 0 0 0 0 1 0 0 0 0 0
 0 1 1 1 0 1 1 0 1 0 1 0 0 0 1 1 0 0 0 0 0 1 0 1 1 1 0 0 0 0 1 0 0 0 1 1 0
 1 0 0 0 0 1 1 0 1 1 0 1 1 1 0 1 0]","[0 0 0 0 0 1 0 0 1 0 0 0 1 0 0 0 0 1 0 0 1 1 0 1 0 1 0 0 0 0 0 1 0 0 0 0 0
 1 1 1 1 0 1 1 0 1 0 1 0 0 0 1 1 0 0 0 0 0 1 0 1 1 1 0 0 0 0 1 0 0 0 1 1 0
 1 0 0 0 0 1 1 0 1 1 0 1 1 1 0 1 0]","[0 0 1 0 0 1 0 0 1 0 1 0 1 0 0 0 0 0 0 0 1 1 0 1 0 1 0 0 0 1 0 1 0 0 1 0 0
 1 1 1 0 0 1 1 0 1 1 1 0 0 1 1 1 0 0 0 0 1 1 0 1 1 1 0 0 0 0 1 0 1 0 1 1 0
 1 0 0 1 0 1 1 0 1 1 0 1 1 1 0 1 0]"
45,"[1 0 0 0 1 0 0 0 0 0 1 1 0 1 1 1 1 0 1 0 0 1 0 1 1 1 1 1 1 0 0 0 0 1 0 1 1
 1 1 1 0 1 0 1 0 0 0 0 1 0 1 0 0 1 0 0 0 0 1 1 1 1 0 1 0 0 0 0 1 1 0 0 0 0
 0 1 0 0 1 0 1 0 0 0 0 0 1 1 1 0 1]","[1 0 0 0 1 0 0 0 0 0 1 1 0 1 0 0 1 0 1 0 0 1 0 1 1 1 1 1 1 0 0 0 0 1 0 1 1
 1 1 1 0 1 0 1 0 0 0 0 1 0 1 0 0 1 0 0 0 0 1 1 1 1 0 1 0 0 0 0 1 1 0 0 0 0
 0 1 0 0 0 0 1 0 0 0 0 0 1 0 1 0 0]","[0 0 0 0 1 0 0 0 0 0 1 1 1 0 1 1 1 0 1 0 0 1 1 1 1 1 1 1 1 0 0 0 0 1 0 1 1
 1 1 1 0 0 0 1 0 0 0 0 1 0 1 0 1 1 1 0 0 0 0 1 1 1 0 1 0 0 0 0 1 1 0 0 0 0
 0 1 0 0 1 0 1 0 0 0 0 0 0 0 0 0 1]","[0 0 0 0 1 0 0 0 1 0 1 1 0 0 1 0 1 0 1 1 0 1 0 1 1 1 1 1 1 0 0 0 0 1 0 1 1
 1 1 1 0 1 0 1 0 0 0 0 1 0 1 0 0 1 1 0 0 0 1 1 1 1 0 1 0 0 0 0 1 1 0 0 0 0
 0 1 0 1 1 0 1 0 0 1 0 1 0 0 0 0 0]"
46,"[0 0 0 0 1 0 0 0 0 0 0 0 0 0 0 1 0 1 1 0 0 1 0 1 1 0 1 0 1 0 1 1 1 1 0 0 1
 0 0 0 1 1 0 1 0 1 0 1 0 1 1 1 1 0 1 1 1 1 1 0 0 1 0 1 0 0 1 0 1 0 1 0 1 1
 0 1 0 1 0 0 1 1 0 1 1 0 0 0 0 0 0]","[1 1 1 1 1 1 1 1 1 1 1 1 0 0 1 1 0 1 1 1 1 1 1 1 1 1 1 1 1 1 1 1 1 1 0 1 1
 0 1 1 1 1 1 1 1 1 0 1 1 1 1 1 1 1 1 1 1 1 1 1 0 1 0 1 1 0 1 0 1 0 1 1 1 1
 1 1 1 1 1 1 1 1 1 1 1 1 1 1 0 0 1]","[0 0 0 0 1 0 0 0 0 0 0 0 0 0 0 1 0 1 1 0 0 1 0 1 0 0 1 0 1 0 1 1 1 0 0 0 1
 0 0 0 1 1 0 1 0 1 0 1 0 1 1 1 1 0 1 1 1 1 1 0 0 1 0 0 0 0 1 0 1 0 1 0 1 1
 0 1 0 1 0 0 1 1 0 1 1 0 0 0 0 0 0]","[1 0 1 0 1 0 0 0 0 0 0 0 0 0 0 1 0 1 1 0 0 1 0 1 1 0 1 0 1 0 1 1 1 0 0 1 1
 0 0 0 1 1 1 1 0 1 0 1 0 1 1 1 1 1 1 1 1 1 1 1 0 1 0 1 0 0 1 0 1 1 1 0 1 1
 0 1 0 1 1 0 1 0 0 1 1 0 0 0 0 0 0]"
47,"[0 0 1 1 1 1 1 1 0 1 1 0 0 0 1 0 0 0 1 0 0 0 0 0 0 0 0 0 1 1 1 1 1 0 0 0 1
 0 1 0 1 0 1 0 1 0 0 0 1 0 0 1 1 0 0 0 1 0 0 0 1 0 1 0 0 1 1 1 0 0 0 1 1 0
 1 0 0 1 1 0 0 0 0 0 0 0 0 1 0 1 0]","[0 0 1 1 1 1 1 1 0 1 1 0 0 0 1 0 0 0 1 0 1 0 0 0 1 1 1 0 1 1 1 1 1 0 1 0 1
 0 1 0 1 0 1 0 1 0 0 0 1 0 0 1 1 0 0 0 1 0 1 1 1 0 1 1 0 1 1 1 0 0 0 1 1 1
 1 0 0 1 1 0 0 0 1 1 0 1 0 0 1 1 0]","[0 0 1 1 1 1 0 1 0 1 0 0 0 0 1 0 0 0 1 0 0 0 0 0 0 0 0 0 1 1 1 1 1 0 0 0 1
 0 1 0 1 0 1 0 1 0 0 0 1 0 0 1 1 0 0 0 1 0 0 0 1 0 1 0 0 1 1 1 0 0 0 0 0 0
 1 0 0 1 1 0 0 0 0 0 0 0 0 0 0 1 0]","[0 0 1 1 1 1 0 1 0 1 0 0 0 0 1 0 0 0 1 1 0 1 1 0 1 0 0 0 1 1 1 1 1 0 0 0 0
 0 1 0 1 0 1 0 1 0 0 0 1 0 0 1 1 0 0 0 1 0 1 0 1 0 1 0 0 1 1 1 0 0 0 0 1 0
 0 0 0 1 0 0 0 0 0 1 0 1 0 0 0 0 0]"
48,"[0 0 1 0 0 0 1 0 0 0 1 0 0 0 0 1 0 1 0 1 0 0 0 0 0 0 1 0 0 0 1 1 1 1 0 0 1
 0 1 0 1 0 0 1 1 0 0 0 1 0 1 1 1 0 0 1 1 1 0 1 0 1 1 1 0 0 0 1 1 0 0 0 0 0
 1 0 1 0 0 1 0 0 0 0 0 1 1 0 0 1 1]","[1 1 1 1 1 1 1 1 1 0 1 1 1 1 0 1 1 1 1 1 1 1 1 0 1 1 1 1 1 1 1 1 1 1 0 1 1
 1 1 0 1 1 1 1 1 1 0 1 1 1 1 1 1 1 1 1 1 1 1 1 1 1 1 1 1 1 1 1 1 0 1 1 1 1
 1 1 1 1 1 1 1 1 1 0 1 1 1 1 1 1 1]","[0 0 0 0 0 0 1 0 0 0 1 0 0 0 0 1 0 1 0 1 0 0 0 0 0 0 1 0 0 0 1 1 1 1 0 0 1
 0 1 0 1 0 0 1 1 0 0 0 1 0 1 1 1 0 0 1 1 1 0 1 0 1 1 1 0 0 0 1 1 0 0 0 0 0
 1 0 1 0 0 1 0 0 0 0 0 1 1 0 0 1 1]","[0 0 0 0 0 0 0 0 1 0 1 0 0 0 0 1 0 0 0 1 0 0 0 0 0 0 1 0 0 0 0 1 1 1 0 0 1
 0 1 0 0 0 0 0 1 0 0 0 1 1 1 1 1 0 0 1 1 1 0 1 0 1 1 1 0 0 0 0 1 0 1 0 0 0
 1 0 1 0 0 1 1 1 0 0 0 1 1 0 0 1 1]"
49,"[0 0 0 0 1 0 1 1 0 1 1 0 1 0 1 1 1 1 0 0 0 1 0 0 1 0 1 0 0 1 0 0 0 0 0 0 0
 0 1 1 0 0 0 0 0 0 1 0 0 0 1 0 0 1 1 0 0 0 0 1 0 1 1 1 1 0 0 1 0 0 1 1 1 0
 0 0 1 1 0 1 1 0 0 1 0 1 0 0 0 0 1]","[0 0 0 0 0 0 0 0 0 0 1 0 0 0 1 0 1 0 0 0 0 1 0 0 0 0 1 0 0 1 0 0 0 0 0 0 0
 0 0 1 0 0 0 0 0 0 1 0 0 0 1 0 0 1 1 0 0 0 0 1 0 1 1 1 1 0 0 0 0 0 1 1 1 0
 0 0 1 1 0 1 0 0 0 1 0 1 0 0 0 0 1]","[0 0 1 0 1 0 0 1 0 1 1 0 1 0 1 0 1 1 0 0 0 1 0 0 1 0 1 0 0 1 0 0 0 0 0 0 0
 0 0 1 0 0 0 0 0 0 1 0 0 0 1 0 0 1 1 0 0 0 0 1 0 1 1 1 1 0 0 0 0 0 1 1 1 0
 0 0 1 1 0 1 1 0 0 1 0 1 0 0 0 0 1]","[0 0 0 0 1 0 0 1 1 1 1 0 0 0 1 0 1 1 1 0 0 1 0 0 1 0 1 0 0 1 0 0 0 0 0 0 1
 0 0 1 0 0 1 0 0 0 1 0 0 0 1 0 0 1 1 0 0 0 0 1 0 1 0 1 1 0 0 0 0 0 1 0 1 0
 0 0 1 1 0 1 0 0 0 1 0 1 0 0 0 1 1]"
